trial,condition,sentence_id,sentence,typed_text,typing_speed,accuracy,elapsed_seconds,source_file
1,ON,4,주변 환경을 일정하게 유지하며 실험을 진행한다.,주변 환경을 일정하게 유지하며 실험을 진행한다.,497.34,100,7.118,typing_results_2026-10-06T02-15-22-839Z.csv
2,OFF,3,짧은 문장을 읽고 보이는 그대로 입력해 본다.,짧은 문장을 읽고 보이는 그대로 입력해 본다.,559.98,100,5.893,typing_results_2026-10-06T02-15-22-839Z.csv
3,ON,6,작은 차이도 놓치지 않도록 매번 확인한다.,작은 차이도 놓치지 않도록 매번 확인한다.,447.42,100,6.839,typing_results_2026-10-06T02-15-22-839Z.csv
4,OFF,5,정확한 기록은 결과를 이해하는 데 큰 도움이 된다.,정확한 기록은 결과를 이해하는 데 큰 도움이 된다.,645.98,100,5.759,typing_results_2026-10-06T02-15-22-839Z.csv
5,ON,9,서로 다른 조건에서 타이핑 결과를 모아 본다.,서로 다른 조건에서 타이핑 결과를 모아 본다.,713.71,100,4.203,typing_results_2026-10-06T02-15-22-839Z.csv
6,OFF,12,실험이 끝나면 기록을 바탕으로 차이를 살펴본다.,실험이 끝나면 기록을 바탕으로 차이를 살펴본다.,417.48,100,8.048,typing_results_2026-10-06T02-15-22-839Z.csv
7,OFF,10,예상과 다른 결과도 있는 그대로 기록한다.,예상과 다른 결과도 있는 그대로 기록한다.,665.25,100,4.419,typing_results_2026-10-06T02-15-22-839Z.csv
8,OFF,2,같은 조건에서 반복해서 결과를 차분히 기록한다.,같은 조건에서 반복해서 결과를 차분히 기록한다.,694.42,100,4.925,typing_results_2026-10-06T02-15-22-839Z.csv
9,ON,1,오늘은 새로운 방법으로 작은 실험을 시작한다.,오늘은 새로운 방법으로 작은 실험을 시작하낟.,747.16,92,4.497,typing_results_2026-10-06T02-15-22-839Z.csv
10,ON,11,익숙한 키보드로 편안한 자세를 유지한다.,익숙한 키보드로 편안한 자세를 유지한다.,729.25,100,3.867,typing_results_2026-10-06T02-15-22-839Z.csv
1,OFF,12,실험이 끝나면 기록을 바탕으로 차이를 살펴본다.,실험이 끝나면 기록을 바탕으로 차이를 살펴본다.,685.57,100,4.901,typing_results_2026-10-06T02-36-37-215Z.csv
2,ON,3,짧은 문장을 읽고 보이는 그대로 입력해 본다.,짧은 문장을 읽고 보이는 그대로 입력해 본다.,614.5,100,5.37,typing_results_2026-10-06T02-36-37-215Z.csv
3,OFF,10,예상과 다른 결과도 있는 그대로 기록한다.,예상과 다른 결과도 있는 그대로 기록한다.,652.85,100,4.503,typing_results_2026-10-06T02-36-37-215Z.csv
4,ON,9,서로 다른 조건에서 타이핑 결과를 모아 본다.,서로 다른 조건에서 타이핑 결과를 모아 본다.,747.85,100,4.012,typing_results_2026-10-06T02-36-37-215Z.csv
5,OFF,4,주변 환경을 일정하게 유지하며 실험을 진행한다.,주변 환경을 일정하게 유지하며 실험을 진행한다.,492.57,100,7.187,typing_results_2026-10-06T02-36-37-215Z.csv
6,ON,11,익숙한 키보드로 편안한 자세를 유지한다.,익숙한 키보드로 편안한 자세를 유지한다.,577.67,100,4.882,typing_results_2026-10-06T02-36-37-215Z.csv
7,OFF,7,집중하는 동안 화면의 변화를 천천히 살펴본다.,집중하는 동안 화면의 변화를 천천히 살펴본다.,428.12,100,8.269,typing_results_2026-10-06T02-36-37-215Z.csv
8,ON,8,입력을 마친 뒤에는 내용을 다시 비교해 본다.,입력을 마친 뒤에는 내용을 다시 비교해 본다.,604.01,100,5.166,typing_results_2026-10-06T02-36-37-215Z.csv
9,ON,6,작은 차이도 놓치지 않도록 매번 확인한다.,작은 차이도 놓치지 않도록 매번 확인한다.,360.95,100,8.478,typing_results_2026-10-06T02-36-37-215Z.csv
10,OFF,5,정확한 기록은 결과를 이해하는 데 큰 도움이 된다.,정확한 기록은 결과를 이해하는 데 큰 도움이 된다.,651.56,100,5.709,typing_results_2026-10-06T02-36-37-215Z.csv
1,OFF,8,입력을 마친 뒤에는 내용을 다시 비교해 본다.,입력을 마친 뒤에는 내용을 다시 비교해 본다.,382.95,100,8.147,typing_results_ui_v2.csv
2,ON,9,서로 다른 조건에서 타이핑 결과를 모아 본다.,서로 다른 조건에서 타이핑 결과를 모아 본다.,292.54,100,10.255,typing_results_ui_v2.csv
3,ON,5,정확한 기록은 결과를 이해하는 데 큰 도움이 된다.,정확한 기록은 결과를 이해하는 데 큰 도움이 된다.,738.02,100,5.041,typing_results_ui_v2.csv
4,OFF,10,예상과 다른 결과도 있는 그대로 기록한다.,예상과 다른 결과도 있는 그대로 기록한다.,695.15,100,4.229,typing_results_ui_v2.csv
5,ON,1,오늘은 새로운 방법으로 작은 실험을 시작한다.,오늘은 새로운 방법으로 작은 실험을 시작한다.,559.39,100,6.007,typing_results_ui_v2.csv
6,ON,12,실험이 끝나면 기록을 바탕으로 차이를 살펴본다.,실험이 끝나면 기록을 바탕으로 차이를 살펴본다.,492.25,100,6.826,typing_results_ui_v2.csv
7,OFF,11,익숙한 키보드로 편안한 자세를 유지한다.,익숙한 키보드로 편안한 자세를 유지한다.,689.32,100,4.091,typing_results_ui_v2.csv
8,OFF,2,같은 조건에서 반복해서 결과를 차분히 기록한다.,같은 조건에서 반복해서 결과를 차분히 기록한다.,690.67,100,4.952,typing_results_ui_v2.csv
9,ON,6,작은 차이도 놓치지 않도록 매번 확인한다.,작은 차이도 놓치지 않도록 매번 확인한다.,367.89,100,8.318,typing_results_ui_v2.csv
10,OFF,3,짧은 문장을 읽고 보이는 그대로 입력해 본다.,짧은 문장을 읽고 보이는 그대로 입력해 본다.,568.22,100,5.808,typing_results_ui_v2.csv
