trial,condition,sentence_id,sentence,typed_text,typing_speed,accuracy,elapsed_seconds
"1","ON","4","주변 환경을 일정하게 유지하며 실험을 진행한다.","주변 환경을 일정하게 유지하며 실험을 진행한다.","497.34","100","7.118"
"2","OFF","3","짧은 문장을 읽고 보이는 그대로 입력해 본다.","짧은 문장을 읽고 보이는 그대로 입력해 본다.","559.98","100","5.893"
"3","ON","6","작은 차이도 놓치지 않도록 매번 확인한다.","작은 차이도 놓치지 않도록 매번 확인한다.","447.42","100","6.839"
"4","OFF","5","정확한 기록은 결과를 이해하는 데 큰 도움이 된다.","정확한 기록은 결과를 이해하는 데 큰 도움이 된다.","645.98","100","5.759"
"5","ON","9","서로 다른 조건에서 타이핑 결과를 모아 본다.","서로 다른 조건에서 타이핑 결과를 모아 본다.","713.71","100","4.203"
"6","OFF","12","실험이 끝나면 기록을 바탕으로 차이를 살펴본다.","실험이 끝나면 기록을 바탕으로 차이를 살펴본다.","417.48","100","8.048"
"7","OFF","10","예상과 다른 결과도 있는 그대로 기록한다.","예상과 다른 결과도 있는 그대로 기록한다.","665.25","100","4.419"
"8","OFF","2","같은 조건에서 반복해서 결과를 차분히 기록한다.","같은 조건에서 반복해서 결과를 차분히 기록한다.","694.42","100","4.925"
"9","ON","1","오늘은 새로운 방법으로 작은 실험을 시작한다.","오늘은 새로운 방법으로 작은 실험을 시작하낟.","747.16","92","4.497"
"10","ON","11","익숙한 키보드로 편안한 자세를 유지한다.","익숙한 키보드로 편안한 자세를 유지한다.","729.25","100","3.867"